{
  "roc_auc": 0.8408948823271075,
  "precision": 0.44778067885117495,
  "recall": 0.9171122994652406,
  "f1": 0.6017543859649123,
  "threshold": 0.35,
  "positive_label": "Yes",
  "test_size": 0.2
}